<?xml version="1.0" encoding="utf-8"?>
<rss version="2.0">
    <channel>
        <title>New Games</title>
        <link>http://www.silvergames.com/</link>
        <description>New Games on Silvergames.com</description>
        <language>en</language>
        <copyright>Copyright 2016 www.silvergames.com</copyright>
                <category>game</category>
        <category>games</category>
        <category>play</category>
        <pubDate>Fri, 23 Sep 16 00:12:51 +0000</pubDate>

        
<item>
	<title>Death Row Diner</title>
	<link>http://www.silvergames.com/death-row-diner</link>
        <category>game</category>
        <category>games</category>
        <category>play</category>
	<description><![CDATA[<img src="http://i.silvergames.com/death-row-diner.gif" />How hard can it be to please your diners... in prison? It may not be the best job but someone has to...]]></description>
	<content><![CDATA[<strong>Death Row Diner</strong><br />
	<img src="http://i.silvergames.com/death-row-diner.gif" />How hard can it be to please your diners... in prison? It may not be the best job but someone has to...]]></content>
	<pubDate>Thu, 22 Sep 16 10:27:34 +0000</pubDate>
</item>

<item>
	<title>City Builder 3D</title>
	<link>http://www.silvergames.com/city-builder-3d</link>
        <category>game</category>
        <category>games</category>
        <category>play</category>
	<description><![CDATA[<img src="http://i.silvergames.com/city-builder-3d.gif" />Have you ever dreamt of building and taking care of your own city? Make your dream come true with th...]]></description>
	<content><![CDATA[<strong>City Builder 3D</strong><br />
	<img src="http://i.silvergames.com/city-builder-3d.gif" />Have you ever dreamt of building and taking care of your own city? Make your dream come true with th...]]></content>
	<pubDate>Thu, 22 Sep 16 03:00:00 +0000</pubDate>
</item>

<item>
	<title>Toss a Paper Multiplayer</title>
	<link>http://www.silvergames.com/toss-a-paper-multiplayer</link>
        <category>game</category>
        <category>games</category>
        <category>play</category>
	<description><![CDATA[<img src="http://i.silvergames.com/toss-a-paper-multiplayer.gif" />It's gonna be another looong day at the office today... So let the hours pass by playing the ultimat...]]></description>
	<content><![CDATA[<strong>Toss a Paper Multiplayer</strong><br />
	<img src="http://i.silvergames.com/toss-a-paper-multiplayer.gif" />It's gonna be another looong day at the office today... So let the hours pass by playing the ultimat...]]></content>
	<pubDate>Wed, 21 Sep 16 07:00:00 +0000</pubDate>
</item>

<item>
	<title>Sportscar Grand Prix</title>
	<link>http://www.silvergames.com/sportscar-gand-prix</link>
        <category>game</category>
        <category>games</category>
        <category>play</category>
	<description><![CDATA[<img src="http://i.silvergames.com/sportscar-gand-prix.gif" />Play this online multiplayer racing game Sportscar Grand Prix and be the king of the tracks! Select ...]]></description>
	<content><![CDATA[<strong>Sportscar Grand Prix</strong><br />
	<img src="http://i.silvergames.com/sportscar-gand-prix.gif" />Play this online multiplayer racing game Sportscar Grand Prix and be the king of the tracks! Select ...]]></content>
	<pubDate>Wed, 21 Sep 16 03:00:00 +0000</pubDate>
</item>

<item>
	<title>On Fire</title>
	<link>http://www.silvergames.com/on-fire</link>
        <category>game</category>
        <category>games</category>
        <category>play</category>
	<description><![CDATA[<img src="http://i.silvergames.com/on-fire.gif" />There was a time when fire was just being discovered by a single man... And what do we all do with s...]]></description>
	<content><![CDATA[<strong>On Fire</strong><br />
	<img src="http://i.silvergames.com/on-fire.gif" />There was a time when fire was just being discovered by a single man... And what do we all do with s...]]></content>
	<pubDate>Tue, 20 Sep 16 11:00:00 +0000</pubDate>
</item>

<item>
	<title>Dunkers</title>
	<link>http://www.silvergames.com/dunkers</link>
        <category>game</category>
        <category>games</category>
        <category>play</category>
	<description><![CDATA[<img src="http://i.silvergames.com/dunkers.gif" />Play like a pro in this nice retro-style basketball game Dunkers! Just choose between arcade, career...]]></description>
	<content><![CDATA[<strong>Dunkers</strong><br />
	<img src="http://i.silvergames.com/dunkers.gif" />Play like a pro in this nice retro-style basketball game Dunkers! Just choose between arcade, career...]]></content>
	<pubDate>Tue, 20 Sep 16 10:07:29 +0000</pubDate>
</item>

<item>
	<title>Endless Truck</title>
	<link>http://www.silvergames.com/endless-truck</link>
        <category>game</category>
        <category>games</category>
        <category>play</category>
	<description><![CDATA[<img src="http://i.silvergames.com/endless-truck.gif" />Time for some monster truck action! Rock the endless track of this cool distance racing game avoidin...]]></description>
	<content><![CDATA[<strong>Endless Truck</strong><br />
	<img src="http://i.silvergames.com/endless-truck.gif" />Time for some monster truck action! Rock the endless track of this cool distance racing game avoidin...]]></content>
	<pubDate>Tue, 20 Sep 16 08:00:00 +0000</pubDate>
</item>

<item>
	<title>Silly Ways to Die 3</title>
	<link>http://www.silvergames.com/silly-ways-to-die-3</link>
        <category>game</category>
        <category>games</category>
        <category>play</category>
	<description><![CDATA[<img src="http://i.silvergames.com/silly-ways-to-die-3.gif" />It´s time to save our little buddies again! Walking through the beach, changing a lightbulb, getting...]]></description>
	<content><![CDATA[<strong>Silly Ways to Die 3</strong><br />
	<img src="http://i.silvergames.com/silly-ways-to-die-3.gif" />It´s time to save our little buddies again! Walking through the beach, changing a lightbulb, getting...]]></content>
	<pubDate>Mon, 19 Sep 16 08:00:00 +0000</pubDate>
</item>

<item>
	<title>Curvefever.io</title>
	<link>http://www.silvergames.com/curvefeverio</link>
        <category>game</category>
        <category>games</category>
        <category>play</category>
	<description><![CDATA[<img src="http://i.silvergames.com/curvefeverio.gif" />Curvefever.io, the cool online multiplayer game has arrived! Crawl through the screen drawing a colo...]]></description>
	<content><![CDATA[<strong>Curvefever.io</strong><br />
	<img src="http://i.silvergames.com/curvefeverio.gif" />Curvefever.io, the cool online multiplayer game has arrived! Crawl through the screen drawing a colo...]]></content>
	<pubDate>Mon, 19 Sep 16 03:00:00 +0000</pubDate>
</item>

<item>
	<title>Trollface Quest: Video Games</title>
	<link>http://www.silvergames.com/trollface-quest-video-games</link>
        <category>game</category>
        <category>games</category>
        <category>play</category>
	<description><![CDATA[<img src="http://i.silvergames.com/trollface-quest-video-games.gif" />Are you a real video game freak? Find out how to pass every level of this odd surreal brain-teasing ...]]></description>
	<content><![CDATA[<strong>Trollface Quest: Video Games</strong><br />
	<img src="http://i.silvergames.com/trollface-quest-video-games.gif" />Are you a real video game freak? Find out how to pass every level of this odd surreal brain-teasing ...]]></content>
	<pubDate>Sat, 17 Sep 16 17:29:10 +0000</pubDate>
</item>

    </channel>

</rss>
<!-- 2602:306:37fc:1130:24b3:8c59:b2b:5162 -->